{"DefaultTint":{"r":1.0,"g":1.0,"b":1.0,"a":0.0},"FoldersData":{"Keys":["49469316f50e72c44aa8815e86b1aa95","a3547d73ce704007805f66f7d60bc38a","9c53962885c2c4f449125a979d6ad240"],"Values":[{"_guid":"49469316f50e72c44aa8815e86b1aa95","_color":{"r":0.5692417621612549,"g":0.638370156288147,"b":0.9811320900917053,"a":0.4000000059604645},"_recursive":true},{"_guid":"a3547d73ce704007805f66f7d60bc38a","_color":{"r":0.9803921580314636,"g":0.6499391794204712,"b":0.5686274766921997,"a":0.4000000059604645},"_recursive":true},{"_guid":"9c53962885c2c4f449125a979d6ad240","_color":{"r":0.5686274766921997,"g":0.9803921580314636,"b":0.8533294200897217,"a":0.4000000059604645},"_recursive":true}]}}